{"ancestry_id":38,"birthday":"2014-06-11T20:07:55Z","bloodline_id":13,"corporation_id":1000080,"description":"<font size=\"12\" color=\"#bfffffff\"><\/font><font size=\"12\" color=\"#ffff0000\">** Damage types ***<br>Guristas - Kinetic \/ Thermal <br>Serpentis - Thermal \/ Kinetic <br>Blood Raider - Thermal \/ EM <br>Sansha's Nation - EM \/ Thermal <br>Angel Cartel - Kinetic \/ Explosive \/ Thermal <br>Minmatar Fleet - Thermal \/ Explosive <br>Amarr Navy - EM \/ Thermal<br><br>Damage Dealt  (EM\/Therm\/Kin\/Explos)<\/font><font size=\"12\" color=\"#ff000000\">\/<\/font><font size=\"12\" color=\"#ff00ff00\">Recommended damage dealing<br><\/font><font size=\"12\" color=\"#ffff0000\">Angel Cartel     7%,  9%, 22%, 62% <\/font><font size=\"12\" color=\"#ff000000\">\/<\/font><font size=\"12\" color=\"#ff00ff00\"> Exp - target painters<br><\/font><font size=\"12\" color=\"#ffff0000\">Blood Raiders   50%, 48%,  2%,  0%<\/font><font size=\"12\" color=\"#ff000000\"> \/<\/font><font size=\"12\" color=\"#ff00ff00\"> EM - tracking disruptors, neutralizers<br><\/font><font size=\"12\" color=\"#ffff0000\">Guristas Pirates  2%, 18%, 79%,  1%<\/font><font size=\"12\" color=\"#ff00ff00\"> <\/font><font size=\"12\" color=\"#ff000000\">\/<\/font><font size=\"12\" color=\"#ff00ff00\"> Kin - ECM<br><\/font><font size=\"12\" color=\"#ffff0000\">Mercenaries      9%,  7%, 31%, 50%<\/font><font size=\"12\" color=\"#ff000000\"> \/<\/font><font size=\"12\" color=\"#ff00ff00\"> Exp, Kin<br><\/font><font size=\"12\" color=\"#ffff0000\">Mordu's Legion   0%, 30%, 70%,  0%<\/font><font size=\"12\" color=\"#ff00ff00\"> <\/font><font size=\"12\" color=\"#ff000000\">\/<\/font><font size=\"12\" color=\"#ff00ff00\"> Kin<br><\/font><font size=\"12\" color=\"#ffff0000\">Rogue Drones    8%, 33%, 32%, 27%<\/font><font size=\"12\" color=\"#ff00ff00\"> <\/font><font size=\"12\" color=\"#ff000000\">\/<\/font><font size=\"12\" color=\"#ff00ff00\"> EM, All <br><\/font><font size=\"12\" color=\"#ffff0000\">Sansha's Nation 53%, 47%,  0%,  0%<\/font><font size=\"12\" color=\"#ff00ff00\"> <\/font><font size=\"12\" color=\"#ff000000\">\/<\/font><font size=\"12\" color=\"#ff00ff00\"> EM - tracking disruptors<br><\/font><font size=\"12\" color=\"#ffff0000\">Serpentis        0%, 55%, 45%,  0%<\/font><font size=\"12\" color=\"#ff00ff00\"> <\/font><font size=\"12\" color=\"#ff000000\">\/<\/font><font size=\"12\" color=\"#ff00ff00\"> Kin - sensor dampeners<br><br><br><\/font><font size=\"12\" color=\"#ffff00ff\">Imperial faction<br>Amarr          47%, 42%,  7%,  4% \/ EM, Therm<br>Caldari           1%, 48%, 51%,  0% \/ Kin, Therm<br>Gallente          1%, 39%, 60%,  0% \/ Therm<br>Minmatar        12%,  7%, 31%, 50% \/ Exp, Kin<\/font>","gender":"female","name":"xXxBlooDShadoWxXx","race_id":4,"security_status":5.005244375858234}