{"alliance_id":99008697,"ancestry_id":15,"birthday":"2008-08-17T22:56:00Z","bloodline_id":7,"corporation_id":98550309,"description":"<font size=\"12\" color=\"#bfffffff\"><\/font><font size=\"24\" color=\"#ff0000ff\">Industries<\/font><font size=\"24\" color=\"#ffff0000\">&amp;Logistics Unleashed!<br><\/font><font size=\"24\" color=\"#ffffffff\">You name it - we mine it!<br><\/font><font size=\"24\" color=\"#ffff0000\">You want it - we deliver it!<\/font>","gender":"male","name":"Axaios Leuverand","race_id":8,"security_status":0.10194471552587268}