{"ancestry_id":21,"birthday":"2020-01-10T09:18:23Z","bloodline_id":3,"corporation_id":98603345,"description":"<font size=\"12\" color=\"#bfffffff\"><br><br><\/font><font size=\"12\" color=\"#ffffe400\"><loc><a href=\"http:\/\/cdn.discordapp.com\/attachments\/607291909844762625\/670254769784356864\/unknown.png\">&lt;3<\/a><\/loc><\/font><font size=\"12\" color=\"#bfffffff\"> <br><br><br><\/font><font size=\"12\" color=\"#ffffe400\"><loc><a href=\"http:\/\/img.1001mem.ru\/posts_temp\/17-07-01\/3910907.jpg\">How to become a PvP Master<\/a><\/loc><br><br><br><\/font><font size=\"12\" color=\"#ff00ff00\">W-SPACE DESIGNATION<br>Class 1 H121 P060 Q317 V301 Y790 Z647 Z971 E004<br>Class 2 C125 D364 D382 G024 I182 N766 R943 L005<br>Class 3 C247 L477 M267 N968 O477 O883 X702 Z006<br>Class 4 E175 M609 O128 T405 X877 Y683 Z457 M001<br>Class 5 H296 H900 L614 M555 N062 N432 N770 V911 C008<br>Class 6 A982 B041 R474 S804 U319 U574 V753 W237<br>Class 13 A009<br><br>K-SPACE DESIGNATION<br>High Sec A641 B274 B449 B520 D792 D845 N110 S047<br>Low Sec A239 C140 C391 J244 N290 N944 R051 U210<br>Null Sec C248 E545 K329 K346 S199 V283 Z060 Z142 Q003<br><br><br><br><br><br><br><br>.<\/font>","gender":"female","name":"Eva Bronson","race_id":2,"security_status":-0.870854492449108}