{"ancestry_id":11,"birthday":"2017-10-29T23:39:46Z","bloodline_id":1,"corporation_id":1000006,"description":"\u044f\u044f\u044f\u044f\u044f\u044f               ..gspp..           <br>            .d$$S$$S$$Sb.        <br>           dS$$S$$S$PS$$Sb       <br>          :$$S$S^^'\";TSS$$; ;    <br>          SSP'      : T$$SS\/;    <br>          $$         \\ `^^'\/     <br>          :$          `-ggd:     <br>           :.=-.    .-=.:SSS     <br>           ; `   $$$$     <br>           :            SS$$     <br>           '     -.     $$S;     <br>            '   .--.   s$$S      <br>       _     `. `--' .$$S$;      <br>   .-\"\" \"-._.-'`.__.' $$$S;      <br>  :                   :S$$S      <br>  ;    :l   \"-.       '^S$$b     <br> \/`-.  ;:      \"   .--\"\"\"\"\"\"^-.  <br>:\"-. \"\" :                   \/) ; <br>;`-     :                  \/:  : <br>:`-      `.     \\         \/ '-.t <br> `+.__     `.    ;\/    .-'    -.;<br>  ;   \"-.    \"-. :  .-\"       --:<br>  ;      ;.     \"^:\"    .-\"\"-.`.;<br>  :     -^\"`.      \"-.+'      \\\/ <br>   ;         `.        \"-     ;  <br>   :          .^.            \/   <br>    \\      .-\"   \"-.       .'    <br>     `._.-\"         \"-._.-\":     <br>      ;          :         ;     <br>      :          :        :      <br>       ; \\       ;        ;      <br>       :  ;      ;       :       <br>        ; :      :     \/ ;       <br>        :  \\             ;       <br>        ;                :       <br>       :                  ;      <br>       ;    :             :      <br>      :     ;              ;     <br>      ;     ;    c         :     <br>     :      :          :    ;    <br>    \/\"\"--..__          ;    :    <br>   :         \"\"--..__        ;   <br>   ;   \"-.    --..__ \"\"--..__:   <br>  :`-._   \"-._      \"\"       _;  <br>  ;    \"-._   \"\"\"---...---\"\"\" :","gender":"female","name":"Diana Rizz","race_id":1,"security_status":-1.073642928245613}