{"ancestry_id":15,"birthday":"2017-07-22T22:01:20Z","bloodline_id":7,"corporation_id":98617947,"description":"<font size=\"12\" color=\"#bfffffff\"><\/font><font size=\"14\" color=\"#bfffffff\">_____________$$$$$$$$$$$$$$$$$$$___________<br>___________$$$$$$$$$$$$$$$$$$$$$$$_________<br>________$$$$___$$$$$$$$$$$$$$$$$$$$$_______<br>______$$$$______$$$$$$$$$$$$$$$$$$$$$$_____<br>____$$$$$________$$$$$$$$$$$$$$$$$$$$$$$___<br>___$$$$$__________$$$$$$$$$$$$$$$$$$$$$$$__<br>__$$$$$____________$$$$$$$$$$$$$$$$$$$$$$$_<br>_$$$$$$____________$$$$$$$$$$$$$$$$$$$$$$$$<br>_$$$$$$___________$$$$$$$$$___________$$$$$<br>_$$$$$$$_________$$$_$$$_$$$_________$$$$$$<br>_$$$$$$$$______$$$$___$___$$$$______$$$$$$$<br>_$$$$$$$$$$$$$$$$$___$$$___$$$$$$$$$$$$$$$$<br>_$$$_$$$$$$$$$$$$$$$$$$$$$$$$$$$$$$$$$$$_o$<br>_$$$__$$$$$$$$$$$$$$$$$$$$$$$$$$$$$$$$$__$$<br>__$$$__$'$$$$$$$$$$$$$$$$$$$$$$$$$$$$$__o$$<br>__'$$o__$$__$$'$$$$$$$$$$$$$$'$$__$$_____o$<br>____$$o$____$$__'$$'$$'$$'__$$______$___o$$<br>_____$$$o$__$____$$___$$___$$_____$$__o$___<br>______'$$$$O$____$$____$$___$$ ____o$$$____<br>_________'$$o$$___$$___$$___$$___o$$$______<br>__________'$$$$o$o$o$o$o$o$o$o$$$$'_________<br>_____________$$$$$$$$$$$$$$$$$$$___________<br>___|____|____|____|____|__             <br>_|____|____|\u0431\u0430\u0448\u043a\u043e\u0439|____|____|             <br>___|____|\u0431\u0438\u0442\u044c\u0441\u044f_|____|____|__             <br>|____|____|\u0437\u0434\u0435\u0441\u044c|____|____|             <br>___|____|____|____|____|__             <br>_|____|____|____|_            <\/font>","gender":"male","name":"Pitbull Cesaille","race_id":8,"security_status":5.007686667308803}