{"ancestry_id":12,"birthday":"2011-02-11T14:32:00Z","bloodline_id":1,"corporation_id":1000006,"description":"<font size=\"12\" color=\"#bfffffff\"><\/font><font size=\"12\" color=\"#ffb2b2b2\"><b>I got something to say<br>I killed your baby today<br>And it doesnt matter much to me<br>As long as its dead<br>Well I got something to say<br>I raped your mother today<br>And it doesnt matter much to me<br>As long as she spread<br>Sweet lovely death<br>I am waiting for your breath<br>Come sweet death, one last caress<br>Go<br><br>Sweet lovely death<br>I am waiting for your breath<br>Come sweet death, one last caress<br>Well, I got something to say<br>I killed your baby today<br>And it doesnt matter much to me<br>As long as its dead<br>Sweet lovely death<br>I am waiting for your breath<br>Come sweet death<br>One last caress<br>One last caress, sweet death<\/b><\/font>","gender":"female","name":"Tandy Sands","race_id":1,"security_status":5.003556876309499}