{"alliance_id":99008697,"ancestry_id":39,"birthday":"2010-05-11T15:09:00Z","bloodline_id":13,"corporation_id":98550309,"description":"Dazdranagon Nolen &gt; \u041a\u0422\u041e \u0427\u0415\u041c \u0414\u0410\u041c\u0410\u0416\u0418\u0422<br>Guristas : 81% kin - 19% therm<br>EoM : 66% kin - 34% them<br>Angel : 56% explo - 28% Kin - 10% therm - 6% EM<br>Sansha : 60% em - 40% therm<br>Blood : 53% em - 47% therm<br>Drones : 50% explo - 18% kin - 16% therm - 16% em<br>Serpentis : 62% therm - 38% kin<br>Caldari : 51% kin - 45% therm - 4% em<br>Gallente : 58% kin - 37% therm - 4% em - 1% explo<br>Minmatar : 45% em - 39% therm - 14% kin - 2% explo<br>Mercenaries : 54% therm - 31% kin - 9% EM - 7% explo <br>---------------------------------------<br>\u041a\u041e\u0413\u041e \u0427\u0415\u041c \u0414\u0410\u041c\u0410\u0416\u0418\u0422\u042c<br>Guristas - Kinetic<br>Serpentis - Thermal<br>Mordus - Thermal &amp; Kinetic<br>Blood - EM &amp; Thermal<br>Sansha - EM &amp; Thermal<br>Angel - Explosive<br>Mercenary - Thermal<br><br><br>1 au = 149.000.000 km<br>3 au = 447.000.000 km<br>5 au = 745.000.000 km<br>7 au = 1.043.000.000 km <br>10 au = 1.490.000.000 km<br>14 au = 2.086.000.000 km<br>48 au = 7.152.000.000 km ","gender":"male","name":"Gnaar Tong","race_id":4,"security_status":0.3110820132878384}