{"ancestry_id":13,"birthday":"2014-10-12T15:21:40Z","bloodline_id":7,"corporation_id":1000107,"description":"<font size=\"12\" color=\"#bfffffff\"> <\/font><font size=\"12\" color=\"#fff7931e\"><a href=\"overviewPreset:79e62d92dc408b17e853c66340b7573e82c76be5\/\/1\">\u041e\u0431\u0437\u043e\u0440\u043a\u0430<\/a><\/font><font size=\"12\" color=\"#bfffffff\">  <br><\/font><font size=\"12\" color=\"#fff7931e\"><a href=\"fitting:629:2048;1:8225;1:8337;1:23527;1:5933;2:8529;2:9632;1:6005;1:9207;4:31802;3:28278;5:192;2728:193;2148:186;3832:188;1416:191;1000::\">Rupture*<\/a><\/font><font size=\"12\" color=\"#bfffffff\"> <br><\/font><font size=\"12\" color=\"#fff7931e\"><a href=\"fitting:32878:31620;1:8517;1:11563;2:31598;1:6160;1:5973;1:31608;1:8089;7:35771;1:29009;2:27381;1500::\">Talwar*pvp<\/a><\/font><font size=\"12\" color=\"#bfffffff\"> <br><\/font><font size=\"12\" color=\"#fff7931e\"><a href=\"fitting:16242:31680;1:8517;1:8903;7:8521;1:519;1:31788;1:1999;1:5973;1:31322;1:21924;2120::\">*Thrasher*<\/a><\/font><font size=\"12\" color=\"#bfffffff\"> <br><\/font><font size=\"12\" color=\"#fff7931e\"><a href=\"fitting:12034:8517;1:31626;1:2032;1:6003;1:8117;3:22291;3:11578;1:31358;1:27359;5000::\">Hound*5MIS<\/a><br><\/font><font size=\"12\" color=\"#bfffffff\">  <\/font><font size=\"12\" color=\"#fff7931e\"><a href=\"fitting:3756:3841;2:25707;5:31600;2:19233;1:2281;1:35659;1:23527;1:8748;1:5839;1:2032;1:22291;2:31796;1:4405;1:35771;1:31880;5:15508;5:11289;1:28668;18:27405;1405:27413;1000::\">*Vassiliy Yriev Gnosis<\/a><\/font><font size=\"12\" color=\"#bfffffff\"> <\/font>","gender":"male","name":"Dragoon Lafisques","race_id":8,"security_status":1.3410312904256334}