[{"alliance_id":99008697,"record_id":1253539,"start_date":"2019-05-27T13:32:00Z"},{"record_id":1141106,"start_date":"2017-08-28T11:05:00Z"},{"alliance_id":99004289,"is_deleted":true,"record_id":1016363,"start_date":"2016-01-23T19:01:00Z"},{"record_id":1014877,"start_date":"2016-01-17T13:14:00Z"},{"alliance_id":99004779,"record_id":908189,"start_date":"2014-12-11T17:24:00Z"},{"record_id":907875,"start_date":"2014-12-10T15:58:00Z"},{"alliance_id":99004289,"is_deleted":true,"record_id":854022,"start_date":"2014-06-20T19:44:00Z"},{"record_id":799394,"start_date":"2014-01-22T09:30:00Z"},{"alliance_id":99003072,"is_deleted":true,"record_id":797287,"start_date":"2014-01-16T17:58:00Z"},{"record_id":768078,"start_date":"2013-10-29T13:33:00Z"}]