{"alliance_id":99008697,"ancestry_id":1,"birthday":"2013-11-19T21:05:04Z","bloodline_id":5,"corporation_id":98550309,"description":"Damage Output by NPC Type<br>Guristas - Kinetic &amp;amp;amp; Thermal<br>Serpentis - Kinetic &amp;amp;amp; Thermal<br>Mordus - Kinetic &amp;amp;amp; Thermal<br>Blood - EM &amp;amp;amp; Thermal<br>Sansha - EM &amp;amp;amp; Thermal<br>Angel - Kinetic, EM, Thermal Explosive<br>Mercenary - Kinetic, EM, Thermal &amp;amp;amp; Explosive<br>EoM - EM &amp;amp;amp; Thermal<br>Rogue Drone _#_ 2TER+2KIN _<br>----------------------------------<br>Best Damage to NPCs<br>Guristas - Kinetic (Pithi)<br>Serpentis - Thermal (Coreli)<br>Mordus - Thermal &amp;amp;amp; Kinetic<br>Blood - EM &amp;amp;amp; Thermal<br>Sansha - Thermal (Centii)<br>Angel - Explosive (Gistii)<br>Mercenary - Thermal<br>Drones - EM (Apis)<br>EoM - Thermal &amp;amp;amp; Kinetic (Terrorist Fanatics)","gender":"male","name":"Dorti Estidal","race_id":4,"security_status":4.103828480874518}