{"ancestry_id":13,"birthday":"2017-10-29T15:22:16Z","bloodline_id":7,"corporation_id":1000107,"description":"<font size=\"12\" color=\"#bfffffff\">\u041f\u0440\u0438\u0448\u0432\u0430\u0440\u0442\u043e\u0432\u0430\u043b\u0441\u044f ? \u043d\u0435 \u0437\u0430\u0431\u0443\u0434\u044c \u043f\u043e\u0441\u0442\u0430\u0432\u0438\u0442\u044c \u043d\u0430 \u0440\u0443\u0447\u043d\u0438\u043a !<br><\/font><font size=\"36\" color=\"#bfffffff\">\u261c<\/font><font size=\"36\" color=\"#ff7f0000\">\u272a<\/font><font size=\"36\" color=\"#ffb2b2b2\">\u261e<\/font>","gender":"male","name":"Shake jok","race_id":8,"security_status":5.000973550012711}