{"ancestry_id":14,"birthday":"2016-10-30T14:10:29Z","bloodline_id":7,"corporation_id":98611790,"description":"<font size=\"12\" color=\"#bfffffff\"><\/font><font size=\"24\" color=\"#ffffff00\">\u041d\u0435 \u0412\u0435\u0440\u044c \u041d\u0435 \u0411\u043e\u0439\u0441\u044f \u041d\u0435 \u041f\u0440\u043e\u0441\u0438<br><br><\/font><font size=\"14\" color=\"#ffffffff\">Cigar Smoking: Level 5<br>Beer Drinking: Level 5<br>Disguises: Level 5<br>Weapon Accuracy: Level 1<br>Build Ships of Scrap Metal: Level 5<br>Hangar Salvaging Level 5<br>Rapid docking Level 5<br>Logoff speed Level 5<br>Paranoia Level 5<br>\u0410dvanced Paranoia Level 5<br>Long Range Running Level 5<br>Advanced Running Away Level 5<br>Rapid Docking Level 5<br><br><br><br><\/font><font size=\"24\" color=\"#ffffff00\">    <\/font>","gender":"female","name":"Yura Remp","race_id":8,"security_status":5.001500602608958}