{"alliance_id":99001657,"ancestry_id":3,"birthday":"2012-02-23T21:15:41Z","bloodline_id":5,"corporation_id":98085082,"description":"\u0421\u0438\u043b\u0451\u043d \u043d\u0435 \u0442\u043e\u0442 \u043a\u0442\u043e \u043d\u0438\u043a\u043e\u0433\u0434\u0430 \u043d\u0435 \u043f\u0430\u0434\u0430\u043b. \u0421\u0438\u043b\u0451\u043d \u0442\u043e\u0442 \u043a\u0442\u043e \u043f\u0430\u0434\u0430\u043b \u0438 \u0432\u0441\u0442\u0430\u0432\u0430\u043b!<br><br><br><br>----- NPC Damage Types \u2013--\u2013\u2013<br>Guristas - Kinetic (50%) \/ Thermal (50%)<br>Serpentis - Thermal (50%) \/ Kinetic (50%)<br>Blood Raider - EM (50%) \/ Thermal (50%)<br>Sansha's Nation - EM (60%) \/ Thermal (40%)<br>Angel Cartel - Kinetic (35%) \/ Explosive (50%) \/ Thermal (15%)<br>EoM - Kinetic (85%) \/ Thermal (15%)<br>Rogue Drones - Kinetic (35%) \/ Explosive (50%) \/ Thermal (15%)<br>Mercenary - EM (35%) \/ Thermal (35%) \/ Kinetic (15%) \/ Explosive (15%)<br>The Seven - Explosive (35%) \/ Kinetic (35%) \/ Thermal (15%) \/ EM (15%)<br>Mordu Legion - Kinetic (60%) \/ Thermal (40%)<br><br>----- NPC Resistances -----<br>Guristas - Kinetic (45%)<br>Serpentis - Kinetic (45%)<br>Blood Raider - EM (45%)<br>Sansha's Nation - EM (45%)<br>Angel Cartel - Explosive (45%)<br>EoM - Kinetic (40%)<br>Rogue Drones - EM (40%)<br>Mercenary - Thermal (35%)<br>The Seven - Thermal (30%)<br>Mordu Legion - Thermal (45%) \/ Kinetic (45%)<br><br>----- Mission Types-----<br>Administration: 50% Kill, 50% Courier<br>Advisory: 34% Kill, 66% Courier<br>Archives: 5% Kill, 90% Courier, 5% Trade<br>Astrosurveying: 40% Kill, 30% Courier, 25% Mining, 5% Trade<br>Command: 97% Kill, 3% Courier<br>Distribution: 5% Kill, 95% Courier","gender":"female","name":"Falibel Tashika","race_id":4,"security_status":4.682853128663781}