{"alliance_id":99008879,"ancestry_id":23,"birthday":"2016-02-23T09:44:54Z","bloodline_id":4,"corporation_id":98605189,"description":"<font size=\"12\" color=\"#bfffffff\"><\/font><font size=\"18\" color=\"#ffd98d00\"><a href=\"fitting:11019::\">Cockroach<\/a><\/font><font size=\"18\" color=\"#ffb2b2b2\">  <\/font><font size=\"18\" color=\"#ffd98d00\"><a href=\"fitting:1233:20197;1::\">Polaris Enigma<\/a><\/font><font size=\"18\" color=\"#ffb2b2b2\"> <br><\/font><font size=\"18\" color=\"#ffd98d00\"><a href=\"showinfo:35779\">Imp<\/a><\/font><font size=\"18\" color=\"#ffff0000\"> <\/font><font size=\"18\" color=\"#ffd98d00\"><a href=\"showinfo:2836\">Adrestia<\/a><\/font><font size=\"18\" color=\"#ffff0000\"> <\/font><font size=\"18\" color=\"#ffd98d00\"><a href=\"showinfo:32209\">Mimir<\/a><\/font><font size=\"18\" color=\"#ffff0000\"> <\/font><font size=\"18\" color=\"#ffd98d00\"><a href=\"showinfo:32788\">Cambion<\/a><\/font><font size=\"18\" color=\"#ffff0000\"> <\/font><font size=\"18\" color=\"#ffd98d00\"><a href=\"showinfo:32207\">Freki<\/a><\/font><font size=\"18\" color=\"#ffff0000\"> <\/font><font size=\"18\" color=\"#ffd98d00\"><a href=\"showinfo:2834\">Utu<\/a><\/font><font size=\"18\" color=\"#ffff0000\"> <\/font><font size=\"18\" color=\"#ffd98d00\"><a href=\"showinfo:35781\">Fiend<\/a><\/font><font size=\"18\" color=\"#ffff0000\"> <\/font><font size=\"18\" color=\"#ffd98d00\"><a href=\"showinfo:42246\">Caedes<\/a><\/font><font size=\"18\" color=\"#ffff0000\"> <\/font><font size=\"18\" color=\"#ffd98d00\"><a href=\"showinfo:48636\">Hydra<\/a><\/font><font size=\"18\" color=\"#ffff0000\"> <\/font><font size=\"18\" color=\"#ffd98d00\"><a href=\"showinfo:617\">Echo<\/a><\/font><font size=\"18\" color=\"#ffff0000\"> <\/font><font size=\"18\" color=\"#ffd98d00\"><a href=\"showinfo:615\">Immolator<\/a><\/font><font size=\"18\" color=\"#ffff0000\"> <\/font><font size=\"18\" color=\"#ffd98d00\"><a href=\"showinfo:33079\">Hematos<\/a><\/font><font size=\"18\" color=\"#ffff0000\"> <\/font><font size=\"18\" color=\"#ffd98d00\"><a href=\"showinfo:33395\">Moracha<\/a><\/font><font size=\"18\" color=\"#ffff0000\"> <\/font><font size=\"18\" color=\"#ffd98d00\"><a href=\"showinfo:42245\">Rabisu<\/a><\/font><font size=\"18\" color=\"#ffff0000\"> <\/font><font size=\"18\" color=\"#ffd98d00\"><a href=\"showinfo:48635\">Tiamat<\/a><\/font><font size=\"18\" color=\"#ffff0000\"> <\/font><font size=\"18\" color=\"#ffd98d00\"><a href=\"showinfo:45531\">Vic<\/a><\/font><font size=\"18\" color=\"#bfffffff\"> <br><\/font><font size=\"18\" color=\"#ffff00ff\">H<\/font><font size=\"18\" color=\"#ff7f007f\">el<\/font><font size=\"18\" color=\"#ff00ffff\">lo<\/font><font size=\"18\" color=\"#bfffffff\"> <\/font><font size=\"18\" color=\"#ffff00ff\">B<\/font><font size=\"18\" color=\"#ff00ffff\">a<\/font><font size=\"18\" color=\"#ffff00ff\">by <\/font>","gender":"female","name":"sarina Sarn","race_id":2,"security_status":-0.7476540332783441}