{"ancestry_id":23,"birthday":"2018-02-05T18:21:14Z","bloodline_id":4,"corporation_id":1000049,"description":"** Damage types **<br>Guristas - Kinetic \/ Thermal <br>Serpentis - Thermal \/ Kinetic <br>Blood Raider - Thermal \/ EM <br>Sansha's Nation - EM \/ Thermal <br>Angel Cartel - Kinetic \/ Explosive \/ Thermal <br>Minmatar Fleet - Thermal \/ Explosive <br>Amarr Navy - EM \/ Thermal<br>Caldari Navy - Kinetic \/ Thermal<br><br>** Stacking penality **<br>1st mod: 100,000% effect<br>2nd mod: 86,912% effect<br>3rd mod: 57,104% effect<br>4th mod: 28,247% effect<br>5th mod: 10,599% effect<br><br>** Concord response time **<br>0.5:     19 seconds<br>0.6:     14 seconds<br>0.7 :    10 seconds<br>0.8 :    7 seconds<br>0.9\/1.0: 6 seconds.<br><br>** Security Status **<br>Security status of -2.0 or below means you'll be attacked in 1.0 systems.<br>Security status of -2.5 or below means you'll be attacked in 0.9 systems.<br>Security status of -3.0 or below means you'll be attacked in 0.8 systems.<br>Security status of -3.5 or below means you'll be attacked in 0.7 systems.<br>Security status of -4.0 or below means you'll be attacked in 0.6 systems.<br>Security status of -4.5 or below means you'll be attacked in 0.5 systems.<br><br>** Signature Ratio example **<br>Frigate 35 m<br>Destroyer 56 m<br>Cruiser 125 m<br>Battlecruiser 305 m<br>Battleship 360 m<br><br>** Hit description Random damage modifier **<br>Grazes          0.500\u20130.625<br>Glances off      0.625\u20130.750<br>Hits            0.750\u20131.000<br>Penetrates      1.000\u20131.250<br>Smashes       1.250\u20131.490<br>Wrecks        3.000","gender":"male","name":"Elarikon","race_id":2,"security_status":5.002789415121887}