{"alliance_id":99008697,"ancestry_id":8,"birthday":"2012-03-02T18:16:54Z","bloodline_id":2,"corporation_id":98550309,"description":"<font size=\"12\" color=\"#bfffffff\"><\/font><font size=\"12\" color=\"#ffffffff\"><b>Angel Cartel<\/b><br><\/font><font size=\"12\" color=\"#bfffffff\">\u0411\u0438\u0442\u044c: Explosive \u0417\u0430\u0449\u0438\u0449\u0430\u0442\u044c\u0441\u044f \u043e\u0442: EM -7%, Exp -62%, Kin -22%, Th -9%<br><b>Blood Raiders<\/b><br>\u0411\u0438\u0442\u044c: EM \u0417\u0430\u0449\u0438\u0449\u0430\u0442\u044c\u0441\u044f \u043e\u0442: EM -50%, Exp -0%, Kin -2%, Th -48%<br><b>Guristas Pirates<\/b><br>\u0411\u0438\u0442\u044c: Kinetic \u0417\u0430\u0449\u0438\u0449\u0430\u0442\u044c\u0441\u044f \u043e\u0442: EM -2%, Exp -1%, Kin -79%, Th -18%<br><b>Mordu's Legion<\/b><br>\u0411\u0438\u0442\u044c: Kinetic \u0417\u0430\u0449\u0438\u0449\u0430\u0442\u044c\u0441\u044f \u043e\u0442: EM -0%, Exp -0%, Kin -70%, Th -30%<br><b>Sansha's Nation<\/b><br>\u0411\u0438\u0442\u044c: EM \u0417\u0430\u0449\u0438\u0449\u0430\u0442\u044c\u0441\u044f \u043e\u0442: EM -53%, Exp -0%, Kin -0%, Th -47%<br><b>Amarr<\/b><br>\u0411\u0438\u0442\u044c: EM \u0438\u043b\u0438 Thermal<br>\u0417\u0430\u0449\u0438\u0449\u0430\u0442\u044c\u0441\u044f \u043e\u0442: EM -47%, Exp -4%, Kin -7%, Th -42%<br><b>Caldari<\/b><br>\u0411\u0438\u0442\u044c: Kinetic \u0438\u043b\u0438 Thermal \u0417\u0430\u0449\u0438\u0449\u0430\u0442\u044c\u0441\u044f \u043e\u0442: EM -1%, Exp -0%, Kin -51%, Th -48%<br><b>Gallentei<\/b><br>\u0411\u0438\u0442\u044c: Thermal \u0417\u0430\u0449\u0438\u0449\u0430\u0442\u044c\u0441\u044f \u043e\u0442: EM -1%, Exp -0%, Kin -60%, Th -39%<br><b>Minmatar<\/b><br>\u0411\u0438\u0442\u044c: Thermal \u0417\u0430\u0449\u0438\u0449\u0430\u0442\u044c\u0441\u044f \u043e\u0442: EM -12%, Exp -50%, Kin -31%,<br><br>\u2022 Players with -2.0 or worse cannot enter 1.0 systems <br>\u2022 Players with -2.5 or worse cannot enter 0.9 systems <br>\u2022 Players with -3.0 or worse cannot enter 0.8 systems <br>\u2022 Players with -3.5 or worse cannot enter 0.7 systems <\/font>","gender":"male","name":"Alex Yak","race_id":1,"security_status":5.001990915304779}