{"alliance_id":99003557,"ancestry_id":37,"birthday":"2006-12-04T14:13:00Z","bloodline_id":13,"corporation_id":98554620,"description":"<font size=\"12\" color=\"#bfffffff\"><\/font><font size=\"12\" color=\"#ffff0000\">\u041c\u044b \u0431\u0443\u0434\u0435\u043c \u043c\u0443\u0447\u0435\u043d\u0438\u043a\u0430\u043c\u0438 \u0438 \u043f\u043e\u043f\u0430\u0434\u0435\u043c \u0432 \u0440\u0430\u0439, \u0430 \u043e\u043d\u0438 \u043f\u0440\u043e\u0441\u0442\u043e \u0441\u0434\u043e\u0445\u043d\u0443\u0442...<br><br><br><\/font><font size=\"12\" color=\"#ffd98d00\"><a href=\"recruitmentAd:98526783\/\/132064\">Conflict Escalation - \u043f\u0412\u043f <\/a><\/font><font size=\"12\" color=\"#bfffffff\"> <br><br><br><\/font><font size=\"12\" color=\"#ffff0000\">[ 2010.11.27 04:46:56 ] cigar4  fukin vodka<\/font>","gender":"male","name":"Last knight","race_id":4,"security_status":-0.7185552675281626}