{"alliance_id":99008697,"ancestry_id":13,"birthday":"2016-11-18T07:25:13Z","bloodline_id":7,"corporation_id":98550309,"description":"<font size=\"12\" color=\"#bfffffff\">Angel Cartel \u0411\u044c\u044e\u0442: Kinetic (25,03%) Explosive (59,13%) \/ \u0411\u0438\u0442\u044c: Kinetic, Explosive Angel Cartel Angel Cartel<br>Blood Raiders \u0411\u044c\u044e\u0442: EM (52,40%) Thermal (47,12%) \/ \u0411\u0438\u0442\u044c: EM, Thermal  <br>Guristas \u0411\u044c\u044e\u0442: Thermal (20,06%) Kinetic (79,94%) \/ \u0411\u0438\u0442\u044c: Kinetic, Thermal <\/font><font size=\"12\" color=\"#ff00a99d\"><a href=\"overviewPreset:da1554d1ca932b85e914273a7d74ebc685b53fec\/\/1\">\u041e\u0431\u0437\u043e\u0440\u043a\u0430 SteamFan<\/a><\/font><font size=\"12\" color=\"#bfffffff\"> <br>Rogue Drones \u0411\u044c\u044e\u0442: Thermal (32,13%) Kinetic (31,76%) \/ \u0411\u0438\u0442\u044c: EM, Thermal<br>Sansha Nation \u0411\u044c\u044e\u0442: EM (56,21%) Thermal (42,87%) \/ \u0411\u0438\u0442\u044c: EM, Thermal<br>Serpentis \u0411\u044c\u044e\u0442: Thermal (61,97%) Kinetic (38,33%) \/ \u0411\u0438\u0442\u044c: Kinetic, Thermal<br>Mercenary \u0411\u044c\u044e\u0442: Thermal (55,69%) Kinetic (31,14%) \/ \u0411\u0438\u0442\u044c: Thermal, Kinetic <\/font><font size=\"12\" color=\"#ff00a99d\"><a href=\"overviewPreset:efdda3c1c85e7674073a91c81f79ff7dc2217c03\/\/1\">Moroz Overview 3.4<\/a><\/font><font size=\"12\" color=\"#bfffffff\"> <br>Mordus \u0411\u044c\u044e\u0442: Thermal (29,05%) Kinetic (68,66%) \/ \u0411\u0438\u0442\u044c: Kinetic, Thermal<br>EoM \u0411\u044c\u044e\u0442: Thermal (29,08%) Knetic (70,92%) \/ \u0411\u0438\u0442\u044c: Kinetic, Thermal<br>Amarr \u0411\u044c\u044e\u0442: EM (54,95%) Thermal (43,19%) \/ \u0411\u0438\u0442\u044c: EM, Thermal<br>Caldari \u0411\u044c\u044e\u0442: Thermal (32,78%) Kinetic (66,99%) \/ \u0411\u0438\u0442\u044c: Kinetic, Thermal <br>Gallente \u0411\u044c\u044e\u0442: Thermal (55,23%) Kinetic (44,50%) \/ \u0411\u0438\u0442\u044c: Kinetic, Thermal<br>Minmatar \u0411\u044c\u044e\u0442: Kinetic (23,68) Explosive (55,38%)                        <\/font><font size=\"12\" color=\"#ff00a99d\"><a href=\"overviewPreset:47072cf201b76ca2160e3b48de03483e188d1ef1\/\/1\">Overview<\/a><\/font><font size=\"12\" color=\"#bfffffff\"> \u043a\u043e\u0440\u043f<br>C1 -&gt; H121 P060 Q317 V301 Y790 Z647 Z971  <br>C2 -&gt; C125 D364 D382 G024 I182 N766 R943  <br>C3 -&gt; C247 L477 M267 N968 O477 O883 X702C4 -&gt; E175 M609 O128 T405 X877 Y683 Z457 <br>C5 -&gt; H296 H900 L614 M555 N062 N432 N770 V911 <\/font><font size=\"12\" color=\"#ff00a99d\"><a href=\"overviewPreset:64943739f7016e1098671aa8bd1f61b2dd5870a8\/\/1\">Speed Yastreb Overview<\/a><\/font><font size=\"12\" color=\"#bfffffff\"> <br>C6 -&gt; A982 B041 R474 S804 U319 U574 V753 W237<br>High Sec -&gt; A641 B274 B449 B520 D792 D845 N110 S047<br>Low Sec -&gt; A239 C140 C391 J244 N290 N944 R051 U210<br>Null Sec -&gt; C248 E545 K329 K346 S199 V283 Z060 Z142 <\/font><font size=\"12\" color=\"#ff00a99d\"><a href=\"overviewPreset:46b820159057238a61dab31c8a86cff79243d749\/\/1\">\u041e\u0431\u0437\u043e\u0440\u043a\u0430<\/a><\/font><font size=\"12\" color=\"#bfffffff\"> <\/font>","gender":"male","name":"Les Nik","race_id":8,"security_status":5.001921962382935}