{"ancestry_id":13,"birthday":"2013-11-12T06:52:14Z","bloodline_id":7,"corporation_id":98440790,"description":"<font size=\"12\" color=\"#bfffffff\"><br><br><br><br><\/font><font size=\"24\" color=\"#ffffffff\"><b>Courage<\/font><font size=\"24\" color=\"#ff0000ff\"> and <\/font><font size=\"24\" color=\"#ffff0000\">Honour!<br><br><br><br><br><br><br><br><br><br><br><\/font><font size=\"24\" color=\"#ffffffff\">Husband of Margaret Tatcher89.<\/b><\/font>","faction_id":500004,"gender":"female","name":"Alexandra Kerenski","race_id":8,"security_status":1.8576748366562015}