{"ancestry_id":17,"birthday":"2017-02-07T21:53:08Z","bloodline_id":8,"corporation_id":98291522,"description":"** SCOUT DRONE DMG TYPES:<br>Acolyte - EM<br>Hobgoblin - Thermal<br>Hornet - Kinetic<br>Warrior - Explosive<br><br>** DMG TYPES BY FACTION (tank against with shield\/armor enhancements)<br>Guristas - Kinetic \/ Thermal <br>Serpentis - Thermal \/ Kinetic <br>Blood Raider - Thermal \/ EM <br>Sansha's Nation - EM \/ Thermal <br>Angel Cartel - Kinetic \/ Explosive \/ Thermal <br>Minmatar Fleet - Thermal \/ Explosive <br>Amarr Navy - EM \/ Thermal<br>Caldari - Kinetic\/Thermal<br><br>** MAIN DMG TYPE to shoot\/Drone at the enemy (ie what they are weakest at)***<br>Guristas - Kinetic<br>Serpentis - Thermal<br>Mordus - Thermal<br>Blood - Thermal<br>Sansha - Thermal<br>Angel - Explosive<br>Mercenary - Thermal<br>Rogue Drones - EM<br><br>\u0422\u043e\u043b\u044c\u043a\u043e \u0410\u043b\u044c\u0444\u0430 \u043d\u0435\u0447\u0435\u043c \u043f\u043b\u0430\u0442\u0438\u0442\u044c \u0430 \u0438\u0433\u0440\u0430 \u043d\u0440\u0430\u0432\u0438\u0442\u0441\u044f<br><br>Only Alpha. Can't pay for this game","gender":"male","name":"HeagekBaT","race_id":8,"security_status":0.13237798017011526}