{"alliance_id":99008697,"ancestry_id":40,"birthday":"2011-01-20T19:38:00Z","bloodline_id":14,"corporation_id":98550309,"description":"FIGHTING        SHOOT THIS     RESISTS NEEDEDECM Information<br>Angel Cartel     Expl\/Kine      Expl(62%)\/Kine(22%)<br>Blood Raiders    EM\/Therm     EM(50%)\/Therm(48%) <br>CONCORD        Kine\/Therm    Kine(30%)\/Therm(30%)<br>Guristas         Kine\/Therm    Kine(79%)\/Therm(18%) <br>Khanid          EM\/Therm      Therm\/EM       <br>Mercenaries      Kine\/Therm    All types<br>Mordu's Legion   Kine\/EM       Kine(70%)\/Therm(30%) <br>Sansha          EM\/Therm     EM(53%)\/Therm(47%) <br>Serpentis        Kine\/Therm    Therm(55%)\/Kine(45%) <br>Amarr           EM\/Therm     EM(47%)\/Therm(42%)<br>Caldari          Kine\/Therm    Kine(51%)\/Therm(48%) <br>Gallente         Kine\/Therm    Kine(60%)\/Therm(39%) <br>Minmatar        Expl\/Kine      Expl(50%)\/Kine(31%)<br>     \\  (\\_(\\<br>         \\ ( -.-)_<br>     \u25e5\u2586\u2587\u2588\u2587\u2588\u2588\u2588\u2588\u2588\u2588\u2588\u2587\u2588\u2588]\u2584\u2584\u2584\u2584\u2584\u2584\u2584\u2584\u2584\u2584\u2584\u2584\u2584<br> \u2582\u2582\u2584\u2585\u2585\u2585\u2588\u2588  RUSSIAN  \u2588\u2588\u2585\u2585\u2585\u2584\u2583\u2582__<br>[\u2299\u25b2\u2299\u25b2\u2299\u25b2\u2299\u25b2\u2299\u25b2\u2299\u25b2\u2299\u25b2\u2299\u25b2\u2299\u25b2\u2299\u25b2\u2299\u25b2\u2299]<br>\u25e5\u25db\u25d9\u25db\u25d9\u25db\u25d9\u25db\u25d9\u25db\u25d9\u25db\u25d9\u25db\u25d9\u25db\u25d9\u25db\u25d9\u25db\u25d9\u25db\u25d9\u25db\u25d9\u25db\u25e4","gender":"male","name":"Hamlet al'Hazrad","race_id":2,"security_status":1.3858840720433327}