{"alliance_id":99008697,"ancestry_id":35,"birthday":"2009-03-07T12:46:00Z","bloodline_id":12,"corporation_id":98550309,"description":"<font size=\"12\" color=\"#bfffffff\"><\/font><font size=\"14\" color=\"#ff00ff00\"><b>\u041f\u044c\u044f\u043d, \u0430\u0437\u0430\u0440\u0442\u0435\u043d \u0438 \u0432\u0435\u0441\u0451\u043b<br>\u042f \u0442\u0440\u0438\u043d\u0438\u0442\u0440\u043e\u0442\u043e\u043b\u0443\u043e\u043b<\/b><\/font>","gender":"male","name":"Alexander Heide","race_id":8,"security_status":-0.01900765008767865}