{"alliance_id":99008697,"ancestry_id":15,"birthday":"2010-12-21T18:19:00Z","bloodline_id":7,"corporation_id":98550309,"description":"<font size=\"12\" color=\"#bfffffff\"><\/font><font size=\"12\" color=\"#ff00ff00\">\u0412\u043e\u0441\u043f\u0438\u0442\u044b\u0432\u0430\u044e \u0441\u0438\u043b\u0443 \u0432\u043e\u043b\u0438.<br>\u0413\u043b\u0430\u0432\u043d\u0430\u044f \u0446\u0435\u043b\u044c \u0432 \u0436\u0438\u0437\u043d\u0438: \"<\/font><font size=\"14\" color=\"#ff00ff00\">\u041d\u0435 \u0437\u0430\u0445\u0430\u0432\u0430\u0442\u044c \u043f\u043e\u043b\u0433\u0430\u043b\u0430\u043a\u0442\u0438\u043a\u0438<\/font><font size=\"12\" color=\"#ff00ff00\">\".<br><\/font><font size=\"12\" color=\"#ffff0000\">Minmatarr: Pator Tech School...Republic Military School...Republic University<br><\/font><font size=\"12\" color=\"#ff007fff\">Gallente: Federal Navy Academy...Caille University...Center for Advanced Studies<br><\/font><font size=\"12\" color=\"#ffff00ff\">Caldari: State War Academy...Science and Trade Institute...School of Applied Knowledge<br><\/font><font size=\"12\" color=\"#ffffff00\">Amarr: Royal Amarr Institute...Imperial Academy...Hedion University<br><br><br><\/font><font size=\"12\" color=\"#ff00ff00\">\u0418\u0441\u0442\u0438\u043d\u043d\u043e \u043c\u0443\u0434\u0440\u044b\u0439 \u043d\u0435 \u0434\u0435\u043b\u0430\u0435\u0442 \u041d\u0438\u0447\u0435\u0433\u043e.<\/font>","gender":"male","name":"Stamiol","race_id":8,"security_status":2.681561511963234}