{"ancestry_id":31,"birthday":"2010-12-01T20:39:00Z","bloodline_id":11,"corporation_id":1000014,"description":"<font size=\"12\" color=\"#bfffffff\">          <\/font><font size=\"11\" color=\"#bfffffff\">        <\/font><font size=\"11\" color=\"#ffffff00\">  <\/font><font size=\"14\" color=\"#ffffff00\">    City :  Minsk, Belarus<br>        Languages: english, russian<br><br><br><br><\/font><font size=\"24\" color=\"#bfffffff\">                      <br><br><\/font><font size=\"12\" color=\"#bfffffff\">                                  <\/font>","gender":"male","name":"REDKING2000","race_id":1,"security_status":1.9968250262732572}