{"alliance_id":99008697,"ancestry_id":5,"birthday":"2016-04-16T15:39:10Z","bloodline_id":6,"corporation_id":98539209,"description":"<font size=\"12\" color=\"#bfffffff\"><br><\/font><font size=\"12\" color=\"#ffff0000\">Soviet Union \/ russian astronaut, speak russian language<br><\/font><font size=\"12\" color=\"#bfffffff\">\u0421\u043e\u0432\u0435\u0442\u0441\u043a\u0438\u0439\/\u0440\u0443\u0441\u0441\u043a\u0438\u0439 \u043a\u043e\u0441\u043c\u043e\u043d\u0430\u0432\u0442, \u0432\u044b\u043f\u0443\u0441\u043a\u043d\u0438\u043a \u0448\u043a\u043e\u043b\u044b \u042e\u0440\u0438\u044f \u0413\u0430\u0433\u0430\u0440\u0438\u043d\u0430. \u041a\u043e\u0441\u043c\u043e\u0441 - \u043d\u0430\u0448 ))<\/font>","gender":"male","name":"Mapam Tonop","race_id":4,"security_status":1.6067785462391435}