{"ancestry_id":11,"birthday":"2013-05-21T07:35:51Z","bloodline_id":1,"corporation_id":1000006,"description":"<font size=\"12\" color=\"#bfffffff\">Ask me <\/font><font size=\"12\" color=\"#ffffa600\"><a href=\"http:\/\/i.imgur.com\/YFZoKa5.gif\">JUMP?<\/a><\/font><font size=\"12\" color=\"#bfffffff\"> <br> <\/font><font size=\"12\" color=\"#ffffa600\"><a href=\"http:\/\/i.imgur.com\/3YuNN.gif\">http:\/\/i.imgur.com\/3YuNN.gif<\/a><\/font><font size=\"12\" color=\"#bfffffff\"> <br><\/font><font size=\"12\" color=\"#ffffa600\"><a href=\"http:\/\/mario.tomsk.fm\/ximg\/14215025584775.gif\">http:\/\/mario.tomsk.fm\/ximg\/14215025584775.gif<\/a><\/font><font size=\"12\" color=\"#bfffffff\"> <br> <\/font><font size=\"12\" color=\"#fff7931e\"><a href=\"overviewPreset:244bf91ef197ace76f3cc455e0a1efe1648bc8d6\/\/1\">Lussy Lou's Overview<\/a><\/font><font size=\"12\" color=\"#bfffffff\"> <br>    1 Hideaway   6 Rally Point<br>    2 Burrow      7 Port<br>    3 Refuge      8 Hub<br>    4 Den         9 Haven<br>    5 Yard       10 Sanctum<br> <\/font>","gender":"female","name":"Melinda Mayday","race_id":1,"security_status":2.620942224993924}