{"ancestry_id":13,"birthday":"2016-01-23T04:58:41Z","bloodline_id":7,"corporation_id":98598034,"description":"<font size=\"12\" color=\"#bfffffff\"><br><\/font><font size=\"36\" color=\"#ff00ff00\">Invaders must die<br>(\uffe3^\uffe3)\u309e<\/font><font size=\"36\" color=\"#ffff0000\"> <br>F men\/women<\/font>","gender":"male","name":"zerg Audeles","race_id":8,"security_status":0.5878309247674127,"title":"<color=Blue><b><i>\u0411\u043e\u042f\u0442\u042c\u0441\u042f \u0412\u0441\u0415\u043c<\/color><\/b><\/i>"}