{"alliance_id":99008697,"ceo_id":96130212,"creator_id":95659657,"date_founded":"2017-07-25T07:08:33Z","description":"<font size=\"12\" color=\"#bfffffff\"><\/font><font size=\"12\" color=\"#fff7931e\"><a href=\"recruitmentAd:98523374\/\/130734\">\u041d\u0430\u0431\u043e\u0440 \u043f\u0438\u043b\u043e\u0442\u043e\u0432 \u0432 \u043a\u043e\u0440\u043f\u043e\u0440\u0430\u0446\u0438\u044e FERMA [RAKOV] <\/a><\/font><font size=\"12\" color=\"#bfffffff\"> <\/font>","home_station_id":60008494,"member_count":4,"name":"FERMA","shares":1000,"tax_rate":0.1,"ticker":"RAKOV","url":"http:\/\/","war_eligible":true}