{"alliance_id":99009202,"ancestry_id":23,"birthday":"2014-12-12T15:35:40Z","bloodline_id":4,"corporation_id":98572977,"description":"<font size=\"12\" color=\"#bfffffff\"><\/font><font size=\"36\" color=\"#ff000000\"><b>so easy<\/b><br><br>Someone said free PAP<br><br><\/font><font size=\"24\" color=\"#ff000000\">** Damage types to protect against **<br><br><\/font><font size=\"18\" color=\"#ff4c4c4c\">Angel - Exp 70%\/ Kin 20%\/ EM 10%<br>Blood\/Sansha\/Amarr - EM 50%\/Therm 50%              <br>Drones - exp 70%\/ Kin 20%\/ Therm 10%<br>EOM - Therm\/Kin<br>Guristas - Kin 75%\/Therm 25%<br>Mercenary - Therm 50%\/ Kin 30%\/ Exp 10%\/ EM 10%<br>Mordus - Kin\/Therm<br>Serpentis\/Caldari - Kin 50%\/Therm 50%<br>Minmatar Fleet - Exp 50%\/ EM 20%\/ Kin 20%\/ Therm 10%<br>Thukkers - Thermal \/ Explosive<br>Gallante - Kinetic \/ Thermal<br>Pithi - Kinetic \/ Thermal<br><br><\/font><font size=\"24\" color=\"#ff000000\">** Damage types to shoot at the enemy **<br><\/font><font size=\"18\" color=\"#ff4c4c4c\">Angel - Exp<br>Blood - Therm\/EM <br>Drones - EM <br>EOM - Kin<br>Guristas - Kin\/THerm<br>Mercenary - Therm<br>Mordus - Therm\/Kin <br>Sansha - EM\/Therm<br>Serpentis - Therm\/Kin<\/font>","gender":"male","name":"Anqu Slow","race_id":2,"security_status":-1.7044669883976784}