{"alliance_id":99008697,"ancestry_id":23,"birthday":"2014-03-15T15:45:36Z","bloodline_id":4,"corporation_id":98550309,"description":"<font size=\"12\" color=\"#bfffffff\"><\/font><font size=\"14\" color=\"#ff00ff00\"><b>RUSSIA 74RU<br>\u0427\u0415\u041c \u041c\u041e\u0427\u0418\u0422\u042c<br>Angel - Explosive \u0444\u0443\u0433\u0430\u0441<br>Blood - EM<br>Drones - EM<br>Gurista - Kinetic<br>Mercenaries - Thermal<br>Mordus - Thermal<br>Serpentis - Thermal<br><br>\u0427\u0415\u0413\u041e \u0411\u041e\u042f\u0422\u042c\u0421\u042f<br>Amarr  - EM \/ Thermal <br>Angel - Explosive \/ Kinetic<br>Blood - Thermal \/ EM<br>Caldari - Kinetic \/ Thermal<br>Gallente - Thermal \/ Kinetic<br>Guristas - Kinetic \/ Thermal<br>Minmatar - Explosive \/ EM \/ Kinetic<br>Mordus - Kinetic \/ Thermal<br>Drones - Explosive \/ Kinetic \/ Thermal<br>Sansha - EM \/ Thermal<br>Serpentis - Thermal \/ Kinetic<\/b><\/font>","gender":"male","name":"Ciryll Yakovsen","race_id":2,"security_status":1.9437140524601546}