{"alliance_id":99008697,"ancestry_id":42,"birthday":"2019-11-18T20:21:18Z","bloodline_id":14,"corporation_id":98550309,"description":"Angel (Minmatar) - Explosive \/ Kinetic<br>Blood (Amarr) - EM \/ Thermal<br>Drones - EM \/ Thermal<br>Guristas (Caldari) - Kinetic \/ Thermal<br>Mercenary - Kinetic \/ Thermal<br>Mordus (Amarr) - Kinetic \/ EM<br>Sansha (Amarr) - EM \/ Thermal<br>Serpentis (Gallente) - Kinetic \/ Therm<br><br>- Angel Cartel - 7% EM, 62% Exp, 22% Kin, 9% Therm - Weak to Exp<br>- Blood Raiders - 50% EM, 2% Kin, 48% Therm - Weak to EM<br>- Guristas - 2% EM, 1% Exp, 79% Kin, 18% Therm - Weak to Kin<br>- Mordu's Legion - 70% Kin, 30% Therm - Weak to Kin<br>- Sansha - 53% EM, 47% Therm - Weak to EM<br>- Serpentis - 45% Kin, 55% Therm - Weak to Kin<br>- Amarr - 47% EM, 4% Exp, 7% Kin, 42% Therm - Weak to EM or Therm<br>- Caldari - 1% EM, 51% Kin, 48% Therm - Weak to Kin or Therm<br>- Gallente - 1% EM, 60% Kin, 39% Therm - Weak to Therm<br>- Minmatar - 12% EM, 50% Exp, 31% Kin, 7% Therm - Weak to Exp or Therm<br>- Mercenaries - All (Therm &amp; Kin are heaviest in lvl 4's)","gender":"female","name":"Slepaya Evreyka","race_id":2,"security_status":1.7884329895375932}