{"ancestry_id":8,"birthday":"2019-09-16T16:05:24Z","bloodline_id":2,"corporation_id":1000009,"description":"<font size=\"12\" color=\"#bfffffff\"><\/font><font size=\"14\" color=\"#bfffffff\">Angel Cartel<br>\u0411\u0438\u0442\u044c: <\/font><font size=\"14\" color=\"#ffff0000\">Explosive<br><\/font><font size=\"14\" color=\"#bfffffff\">\u0417\u0430\u0449\u0438\u0449\u0430\u0442\u044c\u0441\u044f:  <\/font><font size=\"14\" color=\"#ffff0000\">Exp -62%, Kin -22%<br><br><\/font><font size=\"14\" color=\"#bfffffff\">Blood Raiders<br>\u0411\u0438\u0442\u044c: <\/font><font size=\"14\" color=\"#ffff0000\">EM<br><\/font><font size=\"14\" color=\"#bfffffff\">\u0417\u0430\u0449\u0438\u0449\u0430\u0442\u044c\u0441\u044f:<\/font><font size=\"14\" color=\"#ffff0000\"> EM -50%<\/font><font size=\"14\" color=\"#bfffffff\">, <\/font><font size=\"14\" color=\"#ffff0000\">Th -48%<br><br><\/font><font size=\"14\" color=\"#bfffffff\">Guristas Pirates<br>\u0411\u0438\u0442\u044c: <\/font><font size=\"14\" color=\"#ffff0000\">Kinetic<br><\/font><font size=\"14\" color=\"#bfffffff\">\u0417\u0430\u0449\u0438\u0449\u0430\u0442\u044c\u0441\u044f:  <\/font><font size=\"14\" color=\"#ffff0000\">Kin -79%, Th -18%<br><br><\/font><font size=\"14\" color=\"#bfffffff\">Mordu's Legion<br>\u0411\u0438\u0442\u044c: <\/font><font size=\"14\" color=\"#ffff0000\">Kinetic<br><\/font><font size=\"14\" color=\"#bfffffff\">\u0417\u0430\u0449\u0438\u0449\u0430\u0442\u044c\u0441\u044f:  <\/font><font size=\"14\" color=\"#ffff0000\">Kin -70%, Th -30%<br><br><\/font><font size=\"14\" color=\"#bfffffff\">Sansha's Nation<br>\u0411\u0438\u0442\u044c: <\/font><font size=\"14\" color=\"#ffff0000\">EM<br><\/font><font size=\"14\" color=\"#bfffffff\">\u0417\u0430\u0449\u0438\u0449\u0430\u0442\u044c\u0441\u044f: <\/font><font size=\"14\" color=\"#ffff0000\">EM -53%<\/font><font size=\"14\" color=\"#bfffffff\">, <\/font><font size=\"14\" color=\"#ffff0000\">Th -47%<br><br><\/font><font size=\"14\" color=\"#bfffffff\">Serpentis<br>\u0411\u0438\u0442\u044c: <\/font><font size=\"14\" color=\"#ffff0000\">Kinetic<br><\/font><font size=\"14\" color=\"#bfffffff\">\u0417\u0430\u0449\u0438\u0449\u0430\u0442\u044c\u0441\u044f: <\/font><font size=\"14\" color=\"#ffff0000\">Kin -45%, Th -55%<br><br><\/font><font size=\"14\" color=\"#bfffffff\">Amarr<br>\u0411\u0438\u0442\u044c: <\/font><font size=\"14\" color=\"#ffff0000\">EM \u0438\u043b\u0438 Thermal<br><\/font><font size=\"14\" color=\"#bfffffff\">\u0417\u0430\u0449\u0438\u0449\u0430\u0442\u044c\u0441\u044f: <\/font><font size=\"14\" color=\"#ffff0000\">EM -47%, Th -42%<br><br><\/font><font size=\"14\" color=\"#bfffffff\">Caldari<br>\u0411\u0438\u0442\u044c: <\/font><font size=\"14\" color=\"#ffff0000\">Kinetic \u0438\u043b\u0438 Thermal<br><\/font><font size=\"14\" color=\"#bfffffff\">\u0417\u0430\u0449\u0438\u0449\u0430\u0442\u044c\u0441\u044f \u043e\u0442: <\/font><font size=\"14\" color=\"#ffff0000\">Kin -51%, Th -48%<br><br><\/font><font size=\"14\" color=\"#bfffffff\">Gallentei<br>\u0411\u0438\u0442\u044c: <\/font><font size=\"14\" color=\"#ffff0000\">Kinetic<br><\/font><font size=\"14\" color=\"#bfffffff\">\u0417\u0430\u0449\u0438\u0449\u0430\u0442\u044c\u0441\u044f: <\/font><font size=\"14\" color=\"#ffff0000\">Kin -40%, Th -60%<\/font>","gender":"male","name":"Duke Cook'em","race_id":1,"security_status":5.004862930503795}