{"alliance_id":99008697,"ancestry_id":13,"birthday":"2019-04-18T20:45:04Z","bloodline_id":7,"corporation_id":98550309,"description":"<font size=\"12\" color=\"#bfffffff\"><\/font><font size=\"24\" color=\"#ff4c4c4c\">[<\/font><font size=\"24\" color=\"#bfffffff\">R<\/font><font size=\"24\" color=\"#ff00007f\">u<\/font><font size=\"24\" color=\"#ff7f0000\">s<\/font><font size=\"24\" color=\"#ff4c4c4c\">]<\/font>","gender":"female","name":"Phentanyl","race_id":8,"security_status":1.5407315012397913}