{"alliance_id":99008697,"ancestry_id":13,"birthday":"2019-07-12T07:03:18Z","bloodline_id":7,"corporation_id":98550309,"description":"<font size=\"12\" color=\"#bfffffff\">\u0418\u0449\u0443 \u043a\u043e\u0440\u043f\u043e\u0440\u0430\u0446\u0438\u044e PvE (\u0441 \u043f\u0440\u043e\u0438\u0437\u0432\u043e\u0434\u0441\u0442\u0432\u043e\u043c) \u0438 \u043d\u0435\u043c\u043d\u043e\u0433\u043e PvP<br><br><\/font><font size=\"12\" color=\"#ff00a99d\"><a href=\"overviewPreset:e821214789a8373b95c76cdebd94c564582500bd\/\/1\">\u041e\u0431\u0437\u043e\u0440\u043d\u0430\u044f \u043f\u0430\u043d\u0435\u043b\u044c Wave Unlimited<\/a><\/font><font size=\"12\" color=\"#bfffffff\"> <\/font>","gender":"female","name":"Beretta Unlimited","race_id":8,"security_status":-0.9546048721869738}