{"ancestry_id":8,"birthday":"2010-10-04T09:00:00Z","bloodline_id":2,"corporation_id":98051021,"description":"\u0411\u041e\u0420\u041e\u0422\u0421\u042f \u0418 \u0418\u0421\u041a\u0410\u0422\u042c \u043d\u0430\u0439\u0442\u0438 \u0438 \u043f\u0435\u0440\u0435\u043f\u0440\u044f\u0442\u0430\u0442\u044c,Angel Cartel  -  Explosive \/ Kinetic  -  7%\/9%\/22%\/62%<br>Blood Raiders  -  EM \/ Thermal  -  50%\/48%\/2%\/0%<br>CONCORD  -  Kinetic \/ Thermal  -  29%\/32%\/37%\/30%<br>Guristas Pirates  -  Kinetic \/ Thermal  -  2%\/18%\/79%\/1%<br>Khanid  -  EM \/ Thermal<br>Mercenaries  -  Kinetic \/ Thermal<br>Mordu's Legion  -  Kinetic \/ Thermal  -  0%\/30%\/70%\/0%<br>Rogue Drones  -  EM \/ Thermal<br>Sansha's Nation  -  EM \/ Thermal  -  53%\/47%\/0%\/0%<br>Serpentis  -  Kinetic \/ Thermal  -  0%\/55%\/45%\/0%<br>Amarr Empire  -  EM \/ Thermal  -  47%\/42%\/7%\/4%<br>Caldari State  -  Kinetic \/ Thermal  -  1%\/48%\/51%\/0%<br>Gallente Federation  -  Kinetic \/ Thermal  -  1%\/39%\/60%\/0%<br>Minmatar Republic   -  Explosive \/ Kinetic  -  12%\/7%\/31%\/50%<br>seven - Kinetic \/ Thermal<br> ","gender":"male","name":"varior101","race_id":1,"security_status":5.003841754073246}